<CTXREPORT>
  <INDEX_STATS>
    <STAT_INDEX_NAME>&quot;TUSER&quot;.&quot;TI&quot;</STAT_INDEX_NAME>
    <STAT_INDEX_STATS>
      <STAT_STATISTIC NAME="indexed documents">2</STAT_STATISTIC>
      <STAT_STATISTIC NAME="allocated docids">2</STAT_STATISTIC>
      <STAT_STATISTIC NAME="$I rows">7</STAT_STATISTIC>
    </STAT_INDEX_STATS>
    <STAT_TOKEN_STATS>
      <STAT_STATISTIC NAME="unique tokens">5</STAT_STATISTIC>
      <STAT_STATISTIC NAME="average $I rows per token">1.40</STAT_STATISTIC>
      <STAT_TOKEN_LIST NAME="tokens with most $I rows">
	<STAT_TOKE
	<STAT_TOKEN>
	  <STAT_TOKEN_TEXT>JUMPS</STAT_TOKEN_TEXT>
	  <STAT_TOKEN_TYPE>0:TEXT</STAT_TOKEN_TYPE>
	  <STAT_TOKEN_STATISTIC>1</STAT_TOKEN_STATISTIC>
	</STAT_TOKEN>
      </STAT_TOKEN_LIST>
      <STAT_STATISTIC NAME="average size per token">4</STAT_STATISTIC>
      <STAT_TOKEN_LIST NAME="tokens with largest size">
	<STAT_TOKEN>
	  <STAT_TOKEN_TEXT>FOX</STAT_TOKEN_TEXT>
	  <STAT_TOKEN_TYPE>0:TEXT</STAT_TOKEN_TYPE>
	  <STAT_TOKEN_STATISTIC>7</STAT_TOKEN_STATISTIC>
	</STAT_TOKEN>
	<STAT_TOKEN>
	  <STAT_TOKEN_TEXT>BROWN</STAT_TOKEN_TEXT>
	  <STAT_TOKEN_TYPE>0:TEXT</STAT_TOKEN_TYPE>
	  <STAT_TOKEN_STATISTIC>6</STAT_TOKEN_STATISTIC>
	</STAT_TOKEN>
	<STAT_TOKEN>
	  <STAT_TOKEN_TEXT>QUICK</STAT_TOKEN_TEXT>
	  <STAT_TOKEN_TYPE>0:TEXT</STAT_TOKEN_TYPE>
	  <STAT_TOKEN_STATISTIC>3</STAT_TOKEN_STATISTIC>
	</STAT_TOKEN>
	<STAT_TOKEN>
	  <STAT_TOKEN_TEXT>LAZY</STAT_TOKEN_TEXT>
	  <STAT_TOKEN_TYPE>0:TEXT</STAT_TOKEN_TYPE>
	  <STAT_TOKEN_STATISTIC>3</STAT_TOKEN_STATISTIC>
	</STAT_TOKEN>
	<STAT_TOKEN>
	  <STAT_TOKEN_TEXT>JUMPS</STAT_TOKEN_TEXT>
	  <STAT_TOKEN_TYPE>0:TEXT</STAT_TOKEN_TYPE>
	  <STAT_TOKEN_STATISTIC>3</STAT_TOKEN_STATISTIC>
	</STAT_TOKEN>
      </STAT_TOKEN_LIST>
      <STAT_STATISTIC NAME="average frequency per token">1.40</STAT_STATISTIC>
      <STAT_TOKEN_LIST NAME="most frequent tokens">
	<STAT_TOKEN>
	  <STAT_TOKEN_TEXT>FOX</STAT_TOKEN_TEXT>
	  <STAT_TOKEN_TYPE>0:TEXT</STAT_TOKEN_TYPE>
	  <STAT_TOKEN_STATISTIC>2</STAT_TOKEN_STATISTIC>
	</STAT_TOKEN>
	<STAT_TOKEN>
	  <STAT_TOKEN_TEXT>BROWN</STAT_TOKEN_TEXT>
	  <STAT_TOKEN_TYPE>0:TEXT</STAT_TOKEN_TYPE>
	  <STAT_TOKEN_STATISTIC>2</STAT_TOKEN_STATISTIC>
	</STAT_TOKEN>
	<STAT_TOKEN>
	  <STAT_TOKEN_TEXT>QUICK</STAT_TOKEN_TEXT>
	  <STAT_TOKEN_TYPE>0:TEXT</STAT_TOKEN_TYPE>
	  <STAT_TOKEN_STATISTIC>1</STAT_TOKEN_STATISTIC>
	</STAT_TOKEN>
	<STAT_TOKEN>
	  <STAT_TOKEN_TEXT>LAZY</STAT_TOKEN_TEXT>
	  <STAT_TOKEN_TYPE>0:TEXT</STAT_TOKEN_TYPE>
	  <STAT_TOKEN_STATISTIC>1</STAT_TOKEN_STATISTIC>
	</STAT_TOKEN>
	<STAT_TOKEN>
	  <STAT_TOKEN_TEXT>JUMPS</STAT_TOKEN_TEXT>
	  <STAT_TOKEN_TYPE>0:TEXT</STAT_TOKEN_TYPE>
	  <STAT_TOKEN_STATISTIC>1</STAT_TOKEN_STATISTIC>
	</STAT_TOKEN>
      </STAT_TOKEN_LIST>
      <STAT_TOKEN_STAT_BY_TYPE_LIST>
	<STAT_TOKEN_STAT_BY_TYPE>
	  <STAT_TOKEN_TYPE>0:TEXT</STAT_TOKEN_TYPE>
	  <STAT_STATISTIC NAME="unique tokens">5</STAT_STATISTIC>
	  <STAT_STATISTIC NAME="total rows">7</STAT_STATISTIC>
	  <STAT_STATISTIC NAME="average rows">1.40</STAT_STATISTIC>
	  <STAT_STATISTIC NAME="total size">22</STAT_STATISTIC>
	  <STAT_STATISTIC NAME="average size">4</STAT_STATISTIC>
	  <STAT_STATISTIC NAME="average frequency">1.40</STAT_STATISTIC>
	  <STAT_TOKEN_LIST NAME="most frequent tokens">
	    <STAT_TOKEN>
	      <STAT_TOKEN_TEXT>FOX</STAT_TOKEN_TEXT>
	      <STAT_TOKEN_STATISTIC>2</STAT_TOKEN_STATISTIC>
	    </STAT_TOKEN>
	    <STAT_TOKEN>
	      <STAT_TOKEN_TEXT>BROWN</STAT_TOKEN_TEXT>
	      <STAT_TOKEN_STATISTIC>2</STAT_TOKEN_STATISTIC>
	    </STAT_TOKEN>
	    <STAT_TOKEN>
	      <STAT_TOKEN_TEXT>QUICK</STAT_TOKEN_TEXT>
	      <STAT_TOKEN_STATISTIC>1</STAT_TOKEN_STATISTIC>
	    </STAT_TOKEN>
	    <STAT_TOKEN>
	      <STAT_TOKEN_TEXT>LAZY</STAT_TOKEN_TEXT>
	      <STAT_TOKEN_STATISTIC>1</STAT_TOKEN_STATISTIC>
	    </STAT_TOKEN>
	    <STAT_TOKEN>
	      <STAT_TOKEN_TEXT>JUMPS</STAT_TOKEN_TEXT>
	      <STAT_TOKEN_STATISTIC>1</STAT_TOKEN_STATISTIC>
	    </STAT_TOKEN>
	  </STAT_TOKEN_LIST>
	</STAT_TOKEN_STAT_BY_TYPE>
      </STAT_TOKEN_STAT_BY_TYPE_LIST>
    </STAT_TOKEN_STATS>
    <STAT_FRAG_STATS>
      <STAT_STATISTIC NAME="total size of $I data">22</STAT_STATISTIC>
      <STAT_STATISTIC NAME="$I rows">7</STAT_STATISTIC>
      <STAT_STATISTIC NAME="estimated $I rows if optimal">5</STAT_STATISTIC>
      <STAT_STATISTIC NAME="estimated row fragmentation">29 %</STAT_STATISTIC>
      <STAT_STATISTIC NAME="garbage docids">0</STAT_STATISTIC>
      <STAT_STATISTIC NAME="estimated garbage size">0</STAT_STATISTIC>
      <STAT_TOKEN_LIST NAME="most fragmented tokens">
	<STAT_TOKEN>
	  <STAT_TOKEN_TEXT>FOX</STAT_TOKEN_TEXT>
	  <STAT_TOKEN_TYPE>0:TEXT</STAT_TOKEN_TYPE>
	  <STAT_TOKEN_STATISTIC> 50 %</STAT_TOKEN_STATISTIC>
	</STAT_TOKEN>
	<STAT_TOKEN>
	  <STAT_TOKEN_TEXT>BROWN</STAT_TOKEN_TEXT>
	  <STAT_TOKEN_TYPE>0:TEXT</STAT_TOKEN_TYPE>
	  <STAT_TOKEN_STATISTIC> 50 %</STAT_TOKEN_STATISTIC>
	</STAT_TOKEN>
	<STAT_TOKEN>
	  <STAT_TOKEN_TEXT>QUICK</STAT_TOKEN_TEXT>
	  <STAT_TOKEN_TYPE>0:TEXT</STAT_TOKEN_TYPE>
	  <STAT_TOKEN_STATISTIC>  0 %</STAT_TOKEN_STATISTIC>
	</STAT_TOKEN>
	<STAT_TOKEN>
	  <STAT_TOKEN_TEXT>LAZY</STAT_TOKEN_TEXT>
	  <STAT_TOKEN_TYPE>0:TEXT</STAT_TOKEN_TYPE>
	  <STAT_TOKEN_STATISTIC>  0 %</STAT_TOKEN_STATISTIC>
	</STAT_TOKEN>
	<STAT_TOKEN>
	  <STAT_TOKEN_TEXT>JUMPS</STAT_TOKEN_TEXT>
	  <STAT_TOKEN_TYPE>0:TEXT</STAT_TOKEN_TYPE>
	  <STAT_TOKEN_STATISTIC>  0 %</STAT_TOKEN_STATISTIC>
	</STAT_TOKEN>
      </STAT_TOKEN_LIST>
    </STAT_FRAG_STATS>
  </INDEX_STATS>
</CTXREPORT>
